scheme_code,scheme_name,amc,category,total_aum_cr,reference_plan,reference_plan_name,nav,launch_date
129312,ICICI Prudential Dividend Yield Equity Fund,ICICI Prudential Asset Management Company Limited,Equity Scheme - Dividend Yield Fund,6359.38,direct,ICICI Prudential Dividend Yield Equity Fund Direct Plan Growth Option,58.83,2014-04-25
120749,UTI - Dividend Yield Fund,UTI Asset Mgmt. Co. Ltd.,Equity Scheme - Dividend Yield Fund,3825.33,direct,UTI-Dividend Yield Fund.-Growth-Direct,186.9916,2005-04-11
118527,Franklin India Dividend Yield Fund,Franklin Templeton Asset Management (India) Private Limited,Equity Scheme - Dividend Yield Fund,2354.64,direct,Franklin India Dividend Yield Fund - Direct - Growth,148.8035,2006-03-22
148947,Tata Dividend Yield Fund,Tata Asset Management Limited,Equity Scheme - Dividend Yield Fund,997.62,direct,Tata Dividend Yield Fund-Direct Plan-Growth,20.7993,2021-05-03
149700,Sundaram Dividend Yield Fund (Formerly Known as Principal Dividend Yield Fund),Sundaram Asset Management Company Ltd,Equity Scheme - Dividend Yield Fund,884.0,direct,Sundaram Dividend Yield Fund (Formerly Known as Principal Dividend Yield Fund) - Direct Plan - Growth Option,142.5142,2004-09-06
152810,Baroda BNP Paribas Dividend Yield Fund,Baroda BNP Paribas Asset Management India Private Limited,Equity Scheme - Dividend Yield Fund,696.57,direct,Baroda BNP Paribas Dividend Yield Fund - Direct Plan - Growth Option,9.5457,2024-08-22
152022,LIC MF Dividend Yield Fund,LIC Mutual Fund Asset Management Limited,Equity Scheme - Dividend Yield Fund,649.66,direct,LIC MF Dividend Yield Fund-Direct Plan-Growth,34.4555,2018-12-03
154097,Kotak Dividend Yield Fund,Kotak Mahindra Asset Management Company Limited.,Equity Scheme - Dividend Yield Fund,152.86,direct,Kotak Dividend Yield Fund - Direct - Growth,9.487,2026-01-05
119723,SBI ELSS Tax Saver Fund,SBI Funds Management Limited,Equity Scheme - ELSS,31433.94,direct,SBI ELSS Tax Saver FUND - DIRECT PLAN -GROWTH,462.203,1993-02-24
119060,HDFC ELSS Tax saver,HDFC Asset Management Company Limited,Equity Scheme - ELSS,16426.36,direct,HDFC ELSS Tax saver - Growth Option - Direct Plan,1446.198,1996-03-31
118803,Nippon India ELSS Tax Saver Fund,Nippon Life India Asset Management Limited,Equity Scheme - ELSS,14749.77,direct,Nippon India ELSS Tax Saver Fund - Direct Plan Growth Plan - Growth Option,141.3883,2005-07-25
120592,ICICI Prudential ELSS Tax Saver Fund,ICICI Prudential Asset Management Company Limited,Equity Scheme - ELSS,14146.55,direct,ICICI Prudential ELSS Tax Saver Fund - Direct Plan - Growth,1004.66,2012-12-11
118285,Canara Robeco ELSS Tax Saver,Canara Robeco Asset Management Company Limited,Equity Scheme - ELSS,8653.81,direct,CANARA ROBECO ELSS TAX SAVER - DIRECT PLAN - GROWTH OPTION,194.83,1993-02-25
118473,BANDHAN ELSS Tax Saver Fund,Bandhan AMC Limited,Equity Scheme - ELSS,6976.51,direct,BANDHAN ELSS Tax Saver Fund - Direct Plan - Growth,174.13,2008-12-01
118540,Franklin India ELSS Tax Saver Fund,Franklin Templeton Asset Management (India) Private Limited,Equity Scheme - ELSS,6348.4,direct,Franklin India ELSS Tax Saver Fund - Direct - Growth,1555.4426,1994-04-10
119773,Kotak ELSS Tax Saver Fund,Kotak Mahindra Asset Management Company Limited.,Equity Scheme - ELSS,6224.47,direct,Kotak ELSS Tax Saver Fund-Growth - Direct,132.313,2005-09-29
147481,Parag Parikh ELSS Tax Saver Fund,PPFAS Asset Management Pvt. Ltd.,Equity Scheme - ELSS,5712.28,direct,Parag Parikh ELSS Tax Saver Fund- Direct Growth,31.368,2019-07-04
132756,Tata ELSS Fund,Tata Asset Management Limited,Equity Scheme - ELSS,4551.26,direct,Tata ELSS Fund-Growth-Direct Plan,51.8373,1996-03-31
133386,Motilal Oswal ELSS Tax Saver Fund,Motilal Oswal Asset Management Company Limited,Equity Scheme - ELSS,4186.24,direct,Motilal Oswal ELSS Tax Saver Fund - Direct Plan - Growth Option,62.3791,2014-12-26
151078,HSBC ELSS Tax saver Fund,HSBC Asset Management (India) Private Ltd.,Equity Scheme - ELSS,3938.07,direct,HSBC ELSS Tax saver Fund - Direct Growth,148.2905,2006-01-05
120715,UTI ELSS Tax Saver Fund,UTI Asset Mgmt. Co. Ltd.,Equity Scheme - ELSS,3565.6,direct,UTI ELSS Tax Saver Fund - Direct Plan - Growth Option,220.8598,1999-11-15
120416,Invesco India ELSS Tax Saver Fund,Invesco Asset Management (India) Private Limited,Equity Scheme - ELSS,2591.29,direct,Invesco India ELSS Tax Saver Fund - Direct Plan - Growth,140.22,2006-11-20
149570,Sundaram ELSS Tax Saver Fund,Sundaram Asset Management Company Ltd,Equity Scheme - ELSS,1328.85,direct,Sundaram ELSS Tax Saver Fund Direct Plan Growth,518.1335,1996-01-01
139781,Mahindra Manulife ELSS Tax Saver Fund,Mahindra Manulife Investment Management Pvt Ltd,Equity Scheme - ELSS,925.65,direct,Mahindra Manulife ELSS Tax Saver Fund - Direct Plan -Growth,31.4554,2016-08-22
150159,Baroda BNP Paribas ELSS Tax Saver Fund,Baroda BNP Paribas Asset Management India Private Limited,Equity Scheme - ELSS,898.75,direct,BARODA BNP PARIBAS ELSS Tax Saver Fund - Direct Plan - Growth Option,108.907,2005-11-07
119307,Union ELSS Tax Saver Fund (Formerly Union Tax Saver (ELSS) Fund,Union Asset Management Company Private Limited,Equity Scheme - ELSS,859.96,direct,Union ELSS Tax Saver Fund - Direct Plan - Growth Option,68.65,2011-11-08
147541,ITI ELSS Tax Saver Fund,ITI Asset Management Limited,Equity Scheme - ELSS,411.58,direct,ITI ELSS Tax Saver Fund - Direct Plan - Growth Option,27.2399,2019-07-15
151611,NJ ELSS Tax Saver Scheme,NJ Asset Management Private Limited,Equity Scheme - ELSS,310.64,direct,NJ ELSS Tax Saver Scheme Direct Growth,14.22,2023-03-13
151471,NAVI ELSS TAX SAVER NIFTY50 INDEX FUND,Navi AMC Limited,Equity Scheme - ELSS,110.28,direct,NAVI ELSS TAX SAVER NIFTY 50 INDEX FUND - DIRECT PLAN GROWTH,14.3089,2023-02-14
150838,Samco ELSS Tax Saver Fund,Samco Asset Management Private Limited,Equity Scheme - ELSS,108.49,direct,Samco ELSS Tax Saver Fund - Direct Plan - Growth Option,13.06,2022-11-15
151165,360 ONE ELSS Tax Saver Nifty 50 Index Fund,360 ONE Asset Management Limited,Equity Scheme - ELSS,77.92,direct,360 ONE ELSS Tax Saver Nifty 50 Index Fund - Direct Plan - Growth,13.3807,2022-12-01
153201,Bajaj Finserv ELSS Tax Saver Fund,Bajaj Finserv Asset Management Limited,Equity Scheme - ELSS,74.17,direct,BAJAJ FINSERV ELSS TAX SAVER FUND - DIRECT - GROWTH,11.362,2024-12-24
145819,Shriram ELSS Tax Saver Fund,Shriram Asset Management Co. Ltd.,Equity Scheme - ELSS,46.93,direct,Shriram ELSS Tax Saver Fund - Direct Growth,23.0204,2018-12-17
120564,Aditya Birla Sun Life Flexi Cap Fund,Aditya Birla Sun Life AMC Limited,Equity Scheme - Flexi Cap Fund,24662.22,direct,Aditya Birla Sun Life Flexi Cap Fund - Growth - Direct Plan,2072.32,1998-08-17
120662,UTI - Flexi Cap Fund.,UTI Asset Mgmt. Co. Ltd.,Equity Scheme - Flexi Cap Fund,23126.49,direct,UTI - Flexi Cap Fund-Growth Option - Direct,320.9393,1992-04-20
148990,ICICI Prudential Flexicap fund-,ICICI Prudential Asset Management Company Limited,Equity Scheme - Flexi Cap Fund,19804.85,direct,ICICI Prudential Flexicap Fund - Direct Plan - Growth,20.0,2021-06-28
118535,Franklin India Flexi Cap Fund,Franklin Templeton Asset Management (India) Private Limited,Equity Scheme - Flexi Cap Fund,17603.42,direct,Franklin India Flexi Cap Fund - Direct - Growth,1741.1928,1994-09-29
129046,Motilal Oswal Flexi Cap Fund,Motilal Oswal Asset Management Company Limited,Equity Scheme - Flexi Cap Fund,13026.83,direct,Motilal Oswal Flexi cap Fund Direct Plan-Growth Option,62.6305,2014-04-07
149094,Nippon India Flexi Cap Fund,Nippon Life India Asset Management Limited,Equity Scheme - Flexi Cap Fund,9154.56,direct,Nippon India Flexi Cap Fund - Direct Plan - Growth Plan - Growth Option,17.1622,2021-07-26
118424,BANDHAN Flexi Cap Fund,Bandhan AMC Limited,Equity Scheme - Flexi Cap Fund,7373.0,direct,BANDHAN Flexi Cap Fund-Direct Plan-Growth,224.644,2005-09-05
151895,Bajaj Finserv Flexi Cap Fund,Bajaj Finserv Asset Management Limited,Equity Scheme - Flexi Cap Fund,6281.24,direct,Bajaj Finserv Flexi Cap Fund-Direct Plan-Growth,15.392,2023-07-24
152135,Helios Flexi Cap Fund,Helios Capital Asset Management (India) Pvt. Ltd.,Equity Scheme - Flexi Cap Fund,6024.4,direct,Helios Flexi Cap Fund - Direct Plan - Growth Option,15.25,2023-10-23
120046,HSBC Flexi Cap Fund,HSBC Asset Management (India) Private Ltd.,Equity Scheme - Flexi Cap Fund,5175.69,direct,HSBC Flexi Cap Fund - Direct Growth,247.0,2004-01-22
151412,Mirae Asset Flexi Cap Fund,Mirae Asset Investment Managers (India) Pvt. Ltd,Equity Scheme - Flexi Cap Fund,3576.76,direct,Mirae Asset Flexi Cap Fund - Direct Plan - Growth,16.372,2023-02-03
144546,Tata Flexi Cap Fund,Tata Asset Management Limited,Equity Scheme - Flexi Cap Fund,3555.21,direct,Tata Flexi Cap Fund-Direct Plan-Growth,25.9689,2018-08-17
140353,Edelweiss Flexi Cap Fund,Edelweiss Asset Management Limited,Equity Scheme - Flexi Cap Fund,3120.06,direct,Edelweiss Flexi Cap Fund - Direct Plan - Growth Option,43.949,2015-01-13
151917,NJ Flexi Cap Fund,NJ Asset Management Private Limited,Equity Scheme - Flexi Cap Fund,2455.54,direct,NJ Flexi Cap Fund - Direct Plan - Growth Option,13.08,2023-08-15
119292,Union Flexi Cap Fund,Union Asset Management Company Private Limited,Equity Scheme - Flexi Cap Fund,2300.81,direct,Union Flexi Cap Fund - Direct Plan - Growth Option,55.69,2011-05-20
150571,Sundaram Flexicap Fund,Sundaram Asset Management Company Ltd,Equity Scheme - Flexi Cap Fund,2027.68,direct,Sundaram Flexicap Fund Direct Growth,14.7957,2022-08-16
151796,360 ONE Flexicap Fund,360 ONE Asset Management Limited,Equity Scheme - Flexi Cap Fund,1984.8,direct,360 ONE FLEXICAP FUND-DIRECT PLAN- GROWTH,15.8123,2023-06-12
149104,Mahindra Manulife Flexi Cap Fund,Mahindra Manulife Investment Management Pvt Ltd,Equity Scheme - Flexi Cap Fund,1537.55,direct,Mahindra Manulife Flexi Cap Fund - Direct Plan -Growth,16.7412,2021-07-30
151379,ITI Flexi Cap Fund,ITI Asset Management Limited,Equity Scheme - Flexi Cap Fund,1242.83,direct,ITI Flexi Cap Fund- Direct Plan- Growth,19.6,2023-01-27
150387,Baroda BNP Paribas Flexi Cap Fund,Baroda BNP Paribas Asset Management India Private Limited,Equity Scheme - Flexi Cap Fund,1208.72,direct,Baroda BNP Paribas Flexi Cap Fund - Direct Plan - Growth Option,16.1905,2022-07-25
152584,TRUSTMF Flexi Cap Fund,Trust Asset Management Private Limited,Equity Scheme - Flexi Cap Fund,1087.91,direct,TRUSTMF Flexi Cap Fund-Direct Plan- Growth,11.77,2024-04-05
149450,Samco Flexi Cap Fund,Samco Asset Management Private Limited,Equity Scheme - Flexi Cap Fund,295.52,direct,Samco Flexi Cap Fund - Direct Plan - Growth Option,10.37,2022-01-17
144905,Shriram Flexi Cap Fund,Shriram Asset Management Co. Ltd.,Equity Scheme - Flexi Cap Fund,129.8,direct,Shriram Flexi Cap Fund - Direct Growth,22.0655,2018-09-07
118883,Taurus Flexi Cap Fund,Taurus Asset Management Company Limited,Equity Scheme - Flexi Cap Fund,9.33,direct,Taurus Flexi Cap Fund - Direct Plan - Growth,227.04,1994-01-29
153859,JioBlackRock Flexi Cap Fund,Jio BlackRock Asset Management Private Limited,Equity Scheme - Flexi Cap Fund,0.0,direct,JioBlackRock Flexi Cap Fund - Direct Plan - Growth Option,9.6352,2025-09-23
118950,HDFC Focused Fund,HDFC Asset Management Company Limited,Equity Scheme - Focused Fund,26349.88,direct,HDFC Focused Fund - Growth Option - Direct Plan,255.701,2004-08-20
118564,Franklin India Focused Equity Fund,Franklin Templeton Asset Management (India) Private Limited,Equity Scheme - Focused Fund,11674.99,direct,Franklin India Focused Equity Fund - Direct - Growth,111.9286,2007-05-31
120468,Axis Focused Fund,Axis Asset Management Co. Ltd.,Equity Scheme - Focused Fund,11237.87,direct,Axis Focused Fund - Direct Plan - Growth Option,60.11,2012-06-11
119564,Aditya Birla Sun Life Focused Fund,Aditya Birla Sun Life AMC Limited,Equity Scheme - Focused Fund,7927.1,direct,Aditya Birla Sun Life Focused Fund - Growth - Direct Plan,158.868,2005-08-30
147206,Mirae Asset Focused Fund,Mirae Asset Investment Managers (India) Pvt. Ltd,Equity Scheme - Focused Fund,7044.86,direct,Mirae Asset Focused Fund Direct Plan Growth,25.605,2019-04-23
131580,360 ONE Focused Fund,360 ONE Asset Management Limited,Equity Scheme - Focused Fund,6778.36,direct,360 ONE Focused Fund-Direct Plan-Growth,52.7036,2014-10-08
148481,Invesco India Focused Fund,Invesco Asset Management (India) Private Limited,Equity Scheme - Focused Fund,4833.03,direct,Invesco India Focused Fund - Direct Plan - Growth,28.81,2020-09-09
119096,DSP Focused Fund,DSP Asset Managers Private Limited,Equity Scheme - Focused Fund,2568.05,direct,DSP Focused Fund - Direct Plan - Growth,59.53,2010-04-23
148567,Mahindra Manulife Focused Fund,Mahindra Manulife Investment Management Pvt Ltd,Equity Scheme - Focused Fund,2187.1,direct,Mahindra Manulife Focused Fund - Direct Plan -Growth,29.3729,2020-10-26
118421,Bandhan Focused Fund,Bandhan AMC Limited,Equity Scheme - Focused Fund,1988.47,direct,Bandhan Focused Fund - Direct Plan - Growth,102.49,2006-01-30
147757,Tata Focused Fund,Tata Asset Management Limited,Equity Scheme - Focused Fund,1782.04,direct,Tata Focused Fund-Direct Plan-Growth,25.0743,2019-11-15
148411,HSBC Focused Fund,HSBC Asset Management (India) Private Ltd.,Equity Scheme - Focused Fund,1651.56,direct,HSBC Focused Fund - Direct Growth,27.5202,2020-07-01
122389,Motilal Oswal Focused Fund,Motilal Oswal Asset Management Company Limited,Equity Scheme - Focused Fund,1439.27,direct,Motilal Oswal Focused Fund - Direct Plan Growth Option,55.0513,2013-04-22
149533,Sundaram Focused Fund (Formerly Known as Principal Focused Multicap Fund),Sundaram Asset Management Company Ltd,Equity Scheme - Focused Fund,1045.26,direct,Sundaram Focused Fund (Formerly Known as Principal Focused Multicap Fund)- Direct Plan - Growth Option,174.0185,2005-09-23
150376,Edelweiss Focused Fund,Edelweiss Asset Management Limited,Equity Scheme - Focused Fund,1024.34,direct,Edelweiss Focused Fund - Direct Plan - Growth,17.067,2022-07-12
150264,Baroda BNP Paribas Focused Fund,Baroda BNP Paribas Asset Management India Private Limited,Equity Scheme - Focused Fund,669.12,direct,BARODA BNP PARIBAS Focused Fund - Direct Plan - Growth Option,23.5544,2017-09-15
147473,Kotak Focused Fund,Kotak Mahindra Asset Management Company Limited.,Equity Scheme - Focused Fund,566.82,direct,Kotak Focused Fund- Direct Plan- Growth option,29.148,2019-06-25
151777,ITI Focused Fund,ITI Asset Management Limited,Equity Scheme - Focused Fund,552.09,direct,ITI Focused Fund - Direct Plan - Growth,16.8273,2023-05-29
147492,Union Focused Fund,Union Asset Management Company Private Limited,Equity Scheme - Focused Fund,406.73,direct,Union Focused Fund - Direct Plan - Growth Option,28.0,2019-07-15
152010,LIC MF Focused Fund,LIC Mutual Fund Asset Management Limited,Equity Scheme - Focused Fund,161.67,direct,LIC MF Focused Fund-Direct Plan-Growth,22.8439,2017-10-30
120158,Kotak Large & Midcap Fund,Kotak Mahindra Asset Management Company Limited.,Equity Scheme - Large & Mid Cap Fund,29818.22,direct,Kotak Large & Midcap Fund - Direct- Growth,392.871,2004-09-10
120596,ICICI Prudential Large & Mid Cap Fund,ICICI Prudential Asset Management Company Limited,Equity Scheme - Large & Mid Cap Fund,27818.86,direct,ICICI Prudential Large & Mid Cap Fund - Direct Plan - Growth,1114.86,1998-06-01
118419,Bandhan Large & Mid Cap Fund,Bandhan AMC Limited,Equity Scheme - Large & Mid Cap Fund,14228.26,direct,Bandhan Large & Mid Cap Fund - Direct Plan - Growth,160.216,2005-06-27
119202,Tata Large & Mid Cap Fund,Tata Asset Management Limited,Equity Scheme - Large & Mid Cap Fund,8050.31,direct,Tata Large & MId Cap Fund -Direct Plan- Growth Option,559.655,2013-01-01
118678,Nippon India Vision Large & Mid Cap Fund,Nippon Life India Asset Management Limited,Equity Scheme - Large & Mid Cap Fund,6774.9,direct,Nippon India Vision Large & Mid Cap Fund - Direct Plan Growth Plan - Growth Option,1562.653,1995-09-25
146772,HSBC Large & Mid Cap Fund,HSBC Asset Management (India) Private Ltd.,Equity Scheme - Large & Mid Cap Fund,4569.96,direct,HSBC Large & Mid Cap Fund - Direct Growth,31.6573,2019-03-11
140175,Edelweiss Large & Mid Cap Fund,Edelweiss Asset Management Limited,Equity Scheme - Large & Mid Cap Fund,4400.84,direct,Edelweiss Large & Mid Cap Fund - Direct Plan - Growth Option,102.977,2007-04-19
118510,Franklin India Large & Mid Cap Fund,Franklin Templeton Asset Management (India) Private Limited,Equity Scheme - Large & Mid Cap Fund,3473.76,direct,Franklin India Large & Mid Cap Fund - Direct - Growth,201.4918,2005-01-17
147840,Mahindra Manulife Large & Mid Cap Fund,Mahindra Manulife Investment Management Pvt Ltd,Equity Scheme - Large & Mid Cap Fund,2694.84,direct,Mahindra Manulife Large & Mid Cap Fund - Direct Plan -Growth,29.5033,2019-12-06
152408,Bajaj Finserv Large and Mid Cap Fund,Bajaj Finserv Asset Management Limited,Equity Scheme - Large & Mid Cap Fund,2270.04,direct,Bajaj Finserv Large and Mid Cap Fund- Direct Plan- Growth,12.274,2024-02-06
148474,Baroda BNP Paribas Large and Mid Cap fund,Baroda BNP Paribas Asset Management India Private Limited,Equity Scheme - Large & Mid Cap Fund,1698.13,direct,Baroda BNP Paribas Large and Mid Cap Fund- Direct Plan -Growth Option,28.7629,2020-08-17
147750,Union Large & Midcap Fund,Union Asset Management Company Private Limited,Equity Scheme - Large & Mid Cap Fund,911.08,direct,Union Large & Midcap Fund - Direct Plan - Growth Option,27.63,2019-11-15
152382,PGIM India Large and Midcap Fund,PGIM India Asset Management Private Limite,Equity Scheme - Large & Mid Cap Fund,783.19,direct,PGIM India Large and Midcap Fund - Direct Plan - Growth Option,12.41,2024-01-24
153534,Samco Large & Mid Cap Fund,Samco Asset Management Private Limited,Equity Scheme - Large & Mid Cap Fund,123.64,direct,Samco Large & Mid Cap Fund - Direct Plan - Growth Option,9.05,2025-06-05
120586,ICICI Prudential Large Cap Fund (erstwhile Bluechip Fund),ICICI Prudential Asset Management Company Limited,Equity Scheme - Large Cap Fund,76165.98,direct,ICICI Prudential Large Cap Fund (erstwhile Bluechip Fund) - Direct Plan - Growth,116.65,2008-04-08
119598,SBI Large Cap Fund,SBI Funds Management Limited,Equity Scheme - Large Cap Fund,54142.65,direct,SBI Large Cap FUND-DIRECT PLAN -GROWTH,102.1121,2005-12-23
119528,Aditya Birla Sun Life Large Cap Fund,Aditya Birla Sun Life AMC Limited,Equity Scheme - Large Cap Fund,29868.32,direct,Aditya Birla Sun Life Large Cap Fund - Growth - Direct Plan,554.06,2002-09-23
120656,UTI - Large Cap Fund,UTI Asset Mgmt. Co. Ltd.,Equity Scheme - Large Cap Fund,12575.77,direct,UTI Large Cap Fund - Direct Plan - Growth Option,282.8455,2003-02-01
118531,Franklin India Large Cap Fund,Franklin Templeton Asset Management (India) Private Limited,Equity Scheme - Large Cap Fund,7581.76,direct,Franklin India Large Cap Fund- Direct - Growth,1087.2324,1993-12-01
148507,Sundaram Large Cap Fund ( Formerly Know as Sundaram Blue Chip Fund),Sundaram Asset Management Company Ltd,Equity Scheme - Large Cap Fund,3214.76,direct,Sundaram Large Cap Fund (Formerly Known as Sundaram Blue Chip Fund)Direct Plan - Growth,21.8948,2020-09-17
152354,Motilal Oswal Large Cap Fund,Motilal Oswal Asset Management Company Limited,Equity Scheme - Large Cap Fund,3091.26,direct,Motilal Oswal Large Cap Direct Plan Growth,13.5751,2024-01-17
150440,quant Large Cap Fund,quant Money Managers Limited,Equity Scheme - Large Cap Fund,2947.55,direct,quant Large Cap Fund - Growth Option - Direct Plan,16.285,2022-07-20
119160,Tata Large Cap Fund,Tata Asset Management Limited,Equity Scheme - Large Cap Fund,2728.37,direct,Tata Large Cap Fund -Direct Plan Growth Option,572.7709,2013-01-01
150187,BARODA BNP PARIBAS LARGE CAP FUND,Baroda BNP Paribas Asset Management India Private Limited,Equity Scheme - Large Cap Fund,2592.3,direct,BARODA BNP PARIBAS LARGE CAP Fund - Direct Plan - Growth Option,248.5955,2004-08-09
118479,BANDHAN LARGE CAP FUND,Bandhan AMC Limited,Equity Scheme - Large Cap Fund,1981.73,direct,BANDHAN Large Cap Fund-Direct Plan-Growth,86.935,2006-04-19
120030,HSBC Large Cap Fund,HSBC Asset Management (India) Private Ltd.,Equity Scheme - Large Cap Fund,1854.87,direct,HSBC Large Cap Fund - Direct Growth,511.2029,2002-11-14
152783,BAJAJ FINSERV LARGE CAP FUND,Bajaj Finserv Asset Management Limited,Equity Scheme - Large Cap Fund,1508.52,direct,BAJAJ FINSERV LARGE CAP FUND - DIRECT PLAN - GROWTH,10.018,2024-07-29
146549,Mahindra Manulife Large Cap Fund,Mahindra Manulife Investment Management Pvt Ltd,Equity Scheme - Large Cap Fund,726.69,direct,Mahindra Manulife Large Cap Fund - Direct Plan -Growth,24.4621,2019-02-22
138312,PGIM India Large Cap Fund,PGIM India Asset Management Private Limite,Equity Scheme - Large Cap Fund,562.48,direct,PGIM India Large Cap Fund - Direct Plan - Growth,386.21,2003-01-14
148353,ITI Large Cap Fund,ITI Asset Management Limited,Equity Scheme - Large Cap Fund,502.58,direct,ITI Large Cap Fund - Direct Plan - Growth Option,18.6704,2020-12-04
141248,Union Largecap Fund,Union Asset Management Company Private Limited,Equity Scheme - Large Cap Fund,447.7,direct,Union Largecap Fund - Direct Plan - Growth Option,24.11,2017-04-20
120490,JM Large Cap Fund,JM Financial Asset Management Limited,Equity Scheme - Large Cap Fund,427.04,direct,JM Large Cap Fund (Direct) - Growth Option,170.8712,1995-04-01
154155,Parag Parikh Large Cap Fund,PPFAS Asset Management Pvt. Ltd.,Equity Scheme - Large Cap Fund,272.01,direct,Parag Parikh Large Cap Fund - Direct Plan - Growth,9.3832,2026-01-19
153239,Samco Large Cap Fund,Samco Asset Management Private Limited,Equity Scheme - Large Cap Fund,118.22,direct,Samco Large Cap Fund - Direct Plan - Growth Option,9.13,2025-03-05
118870,Taurus Large Cap Fund,Taurus Asset Management Company Limited,Equity Scheme - Large Cap Fund,50.38,direct,Taurus Large Cap Fund - Direct Plan - Growth,161.66,2008-05-07
154307,JioBlackRock Large Cap Fund,Jio BlackRock Asset Management Private Limited,Equity Scheme - Large Cap Fund,0.0,direct,JioBlackRock Large Cap Fund - Direct Plan - Growth Option,9.691,2026-03-24
118668,Nippon India Growth Mid Cap Fund,Nippon Life India Asset Management Limited,Equity Scheme - Mid Cap Fund,42289.18,direct,Nippon India Growth Mid Cap Fund - Direct Plan Growth Plan - Growth Option,4788.4765,1995-09-25
127042,Motilal Oswal Midcap Fund,Motilal Oswal Asset Management Company Limited,Equity Scheme - Mid Cap Fund,34429.67,direct,Motilal Oswal Midcap Fund-Direct Plan-Growth Option,104.5676,2014-02-03
147445,Mirae Asset Midcap Fund,Mirae Asset Investment Managers (India) Pvt. Ltd,Equity Scheme - Mid Cap Fund,17697.37,direct,Mirae Asset Midcap Fund- Direct Growth Option,40.903,2019-07-08
140228,Edelweiss Mid Cap Fund,Edelweiss Asset Management Limited,Equity Scheme - Mid Cap Fund,13903.03,direct,Edelweiss Mid Cap Fund - Direct Plan - Growth Option,123.028,2007-11-09
119581,Sundaram Mid Cap Fund,Sundaram Asset Management Company Ltd,Equity Scheme - Mid Cap Fund,12879.95,direct,Sundaram Mid Cap Fund Direct Plan - Growth,1567.386,2002-06-24
118533,Franklin India Mid Cap Fund,Franklin Templeton Asset Management (India) Private Limited,Equity Scheme - Mid Cap Fund,12162.08,direct,Franklin India Mid Cap Fund - Direct - Growth,3010.7045,1993-12-01
151036,HSBC Midcap Fund,HSBC Asset Management (India) Private Ltd.,Equity Scheme - Mid Cap Fund,12120.6,direct,HSBC Midcap Fund - Direct Growth,505.4938,2004-06-24
120726,UTI - Mid Cap Fund,UTI Asset Mgmt. Co. Ltd.,Equity Scheme - Mid Cap Fund,11472.62,direct,UTI Mid Cap Fund-Growth Option- Direct,334.0796,2003-01-02
119178,Tata Mid Cap Fund,Tata Asset Management Limited,Equity Scheme - Mid Cap Fund,5376.03,direct,Tata Mid Cap Fund - Direct Plan- Growth Option,507.0472,1994-06-15
142110,Mahindra Manulife Mid Cap Fund,Mahindra Manulife Investment Management Pvt Ltd,Equity Scheme - Mid Cap Fund,4305.41,direct,Mahindra Manulife Mid Cap Fund - Direct Plan -Growth,40.5537,2018-01-08
150212,Baroda BNP Paribas Mid Cap Fund,Baroda BNP Paribas Asset Management India Private Limited,Equity Scheme - Mid Cap Fund,2276.58,direct,BARODA BNP PARIBAS Mid Cap Fund - Direct Plan - Growth Option,129.2181,2006-03-13
150404,BANDHAN MIDCAP FUND,Bandhan AMC Limited,Equity Scheme - Mid Cap Fund,1934.9,direct,BANDHAN MIDCAP FUND - GROWTH - DIRECT PLAN,19.082,2022-07-28
148073,Union Midcap Fund,Union Asset Management Company Private Limited,Equity Scheme - Mid Cap Fund,1602.56,direct,Union Midcap Fund - Direct Plan - Growth Option,53.86,2020-03-02
148733,ITI Mid Cap Fund,ITI Asset Management Limited,Equity Scheme - Mid Cap Fund,1291.17,direct,ITI Mid Cap Fund - Direct Plan - Growth Option,24.4467,2021-02-15
153728,Bank of India Mid Cap Fund,Bank of India Investment Managers Private Limited,Equity Scheme - Mid Cap Fund,667.07,direct,Bank of India Mid Cap Fund - Direct Plan Growth,10.06,2025-07-31
118872,Taurus Mid Cap Fund,Taurus Asset Management Company Limited,Equity Scheme - Mid Cap Fund,121.79,direct,Taurus Mid Cap Fund - Direct Plan - Growth,122.3,1994-09-05
118650,Nippon India Multi Cap Fund,Nippon Life India Asset Management Limited,Equity Scheme - Multi Cap Fund,49409.39,direct,Nippon India Multi Cap Fund - Direct Plan Growth Plan - Growth Option,324.3079,2005-02-14
149185,Kotak Multicap Fund,Kotak Mahindra Asset Management Company Limited.,Equity Scheme - Multi Cap Fund,23124.21,direct,Kotak Multicap Fund-Direct Plan-Growth,20.766,2021-09-08
120599,ICICI Prudential Multicap Fund,ICICI Prudential Asset Management Company Limited,Equity Scheme - Multi Cap Fund,15878.63,direct,ICICI Prudential Multicap Fund - Direct Plan -  Growth,929.54,1994-09-01
141226,Mahindra Manulife Multi Cap Fund,Mahindra Manulife Investment Management Pvt Ltd,Equity Scheme - Multi Cap Fund,6044.57,direct,Mahindra Manulife Multi Cap Fund - Direct Plan -Growth,43.0003,2017-04-20
151290,HSBC Multi Cap Fund,HSBC Asset Management (India) Private Ltd.,Equity Scheme - Multi Cap Fund,5162.14,direct,HSBC Multi Cap Fund - Direct - Growth,19.9671,2023-01-10
152739,Franklin India Multi Cap Fund,Franklin Templeton Asset Management (India) Private Limited,Equity Scheme - Multi Cap Fund,4793.56,direct,Franklin India Multi Cap Fund - Direct - Growth,10.5488,2024-07-08
151810,Mirae Asset Multicap Fund,Mirae Asset Investment Managers (India) Pvt. Ltd,Equity Scheme - Multi Cap Fund,4599.99,direct,Mirae Asset Multicap Fund - Direct Plan - Growth,14.685,2023-07-28
151232,TATA MULTICAP FUND,Tata Asset Management Limited,Equity Scheme - Multi Cap Fund,3112.91,direct,Tata Multicap Fund - Direct Plan - Growth,15.7095,2023-01-16
152094,Edelweiss Multi Cap Fund,Edelweiss Asset Management Limited,Equity Scheme - Multi Cap Fund,3088.05,direct,Edelweiss Multi Cap Fund - Direct Plan - Growth,15.7211,2023-10-04
119354,Baroda BNP Paribas Multi Cap Fund,Baroda BNP Paribas Asset Management India Private Limited,Equity Scheme - Multi Cap Fund,3056.43,direct,Baroda BNP Paribas MULTI CAP FUND - Direct Plan - Growth Option,321.7833,2003-08-14
149303,BANDHAN MULTI CAP FUND,Bandhan AMC Limited,Equity Scheme - Multi Cap Fund,2797.06,direct,BANDHAN MULTI CAP FUND - GROWTH - DIRECT PLAN,18.149,2021-11-12
149669,Sundaram Multi Cap Fund (Formerly Known as Principal Multi Cap Growth Fund),Sundaram Asset Management Company Ltd,Equity Scheme - Multi Cap Fund,2779.92,direct,Sundaram Multi Cap Fund (Formerly Known as Principal Multi Cap Growth Fund)-Direct Plan - Growth Option,412.6466,2000-10-03
153515,UTI Multi Cap Fund,UTI Asset Mgmt. Co. Ltd.,Equity Scheme - Multi Cap Fund,1831.44,direct,UTI Multi Cap Fund - Direct Plan - Growth Option,10.2143,2025-04-29
150858,Union Multicap Fund,Union Asset Management Company Private Limited,Equity Scheme - Multi Cap Fund,1282.69,direct,Union Multicap Fund - Direct Plan - Growth Option,17.13,2022-11-28
153309,Bajaj Finserv Multi Cap Fund,Bajaj Finserv Asset Management Limited,Equity Scheme - Multi Cap Fund,1121.97,direct,BAJAJ FINSERV MULTI CAP FUND - DIRECT - GROWTH,11.734,2025-02-06
151443,BANK OF INDIA MULTI CAP FUND,Bank of India Investment Managers Private Limited,Equity Scheme - Multi Cap Fund,991.86,direct,Bank of India Multi Cap Fund Direct Plan - Growth,19.55,2023-02-10
152815,PGIM India Multi Cap Fund,PGIM India Asset Management Private Limite,Equity Scheme - Multi Cap Fund,399.09,direct,PGIM India Multi Cap Fund - Direct Plan - Growth Option,10.2,2024-08-22
152847,Samco Multi Cap Fund,Samco Asset Management Private Limited,Equity Scheme - Multi Cap Fund,263.41,direct,Samco Multi Cap Fund - Direct Plan - Growth,8.64,2024-10-10
118778,Nippon India Small Cap Fund,Nippon Life India Asset Management Limited,Equity Scheme - Small Cap Fund,66128.79,direct,Nippon India Small Cap Fund - Direct Plan Growth Plan - Growth Option,195.1257,2010-08-26
130503,HDFC Small Cap Fund,HDFC Asset Management Company Limited,Equity Scheme - Small Cap Fund,36609.0,direct,HDFC Small Cap Fund - Growth Option - Direct Plan,153.558,2008-02-11
125497,SBI SMALL CAP FUND,SBI Funds Management Limited,Equity Scheme - Small Cap Fund,34486.32,direct,SBI Small Cap Fund - Direct Plan - Growth,196.5577,2009-07-27
147946,BANDHAN Small Cap Fund,Bandhan AMC Limited,Equity Scheme - Small Cap Fund,19942.62,direct,BANDHAN SMALL CAP FUND - DIRECT PLAN GROWTH,52.885,2020-02-03
120164,Kotak Small Cap Fund,Kotak Mahindra Asset Management Company Limited.,Equity Scheme - Small Cap Fund,16458.75,direct,Kotak-Small Cap Fund - Growth - Direct,303.423,2004-12-30
151130,HSBC Small Cap Fund,HSBC Asset Management (India) Private Ltd.,Equity Scheme - Small Cap Fund,15075.77,direct,HSBC Small Cap Fund - Direct Growth,92.7737,2014-04-22
118525,Franklin India Small Cap Fund,Franklin Templeton Asset Management (India) Private Limited,Equity Scheme - Small Cap Fund,12755.71,direct,Franklin India Small Cap Fund - Direct - Growth,193.8961,2005-11-16
145206,Tata Small Cap Fund,Tata Asset Management Limited,Equity Scheme - Small Cap Fund,10589.33,direct,Tata Small Cap Fund-Direct Plan-Growth,40.927,2018-10-19
145137,Invesco India Smallcap Fund,Invesco Asset Management (India) Private Limited,Equity Scheme - Small Cap Fund,9361.71,direct,Invesco India Smallcap Fund - Direct Plan - Growth,49.08,2018-10-10
120591,ICICI Prudential Smallcap Fund,ICICI Prudential Asset Management Company Limited,Equity Scheme - Small Cap Fund,8128.0,direct,ICICI Prudential Smallcap Fund - Direct Plan - Growth,97.16,2007-08-23
152237,Motilal Oswal Small Cap Fund,Motilal Oswal Asset Management Company Limited,Equity Scheme - Small Cap Fund,5543.89,direct,Motilal Oswal Small Cap Fund - Direct - Growth,15.5484,2023-12-05
146196,Edelweiss Small Cap Fund,Edelweiss Asset Management Limited,Equity Scheme - Small Cap Fund,5358.58,direct,Edelweiss Small Cap Fund - Direct Plan - Growth,49.96,2019-01-18
148618,UTI Small Cap Fund,UTI Asset Mgmt. Co. Ltd.,Equity Scheme - Small Cap Fund,4499.49,direct,UTI Small Cap Fund - Direct Plan - Growth Option,28.2239,2020-12-02
150915,Mahindra Manulife Small Cap Fund,Mahindra Manulife Investment Management Pvt Ltd,Equity Scheme - Small Cap Fund,4029.06,direct,Mahindra Manulife Small Cap Fund - Direct Plan - Growth,21.2514,2022-11-21
153196,Mirae Asset Small Cap Fund,Mirae Asset Investment Managers (India) Pvt. Ltd,Equity Scheme - Small Cap Fund,3212.3,direct,Mirae Asset Small Cap Fund - Direct Plan - Growth,11.748,2025-01-10
147919,ITI Small Cap Fund,ITI Asset Management Limited,Equity Scheme - Small Cap Fund,2671.89,direct,ITI Small Cap Fund - Direct Plan - Growth Option,34.1505,2020-01-27
129649,Union Small Cap Fund,Union Asset Management Company Private Limited,Equity Scheme - Small Cap Fund,1721.24,direct,Union Small Cap Fund - Direct Plan - Growth Option,60.38,2014-05-20
153612,Bajaj Finserv Small Cap Fund,Bajaj Finserv Asset Management Limited,Equity Scheme - Small Cap Fund,1578.79,direct,BAJAJ FINSERV SMALL CAP FUND - DIRECT - GROWTH,10.305,2025-06-27
149019,PGIM India Small Cap Fund,PGIM India Asset Management Private Limite,Equity Scheme - Small Cap Fund,1474.17,direct,PGIM India Small Cap Fund - Direct Plan- Growth Option,18.13,2021-07-09
152939,TRUSTMF SMALL CAP FUND,Trust Asset Management Private Limited,Equity Scheme - Small Cap Fund,1333.59,direct,TRUSTMF SMALL CAP FUND -DIRECT PLAN-GROWTH,12.55,2024-10-11
152128,Baroda BNP Paribas Small Cap Fund,Baroda BNP Paribas Asset Management India Private Limited,Equity Scheme - Small Cap Fund,1152.02,direct,Baroda BNP Paribas Small Cap Fund - Direct Plan - Growth option,13.7314,2023-10-06
152614,JM Small Cap Fund,JM Financial Asset Management Limited,Equity Scheme - Small Cap Fund,635.3,direct,JM Small Cap Fund (Direct) - Growth Option,10.9504,2024-05-27
120323,ICICI Prudential Value Fund (erstwhile Value Discovery Fund),ICICI Prudential Asset Management Company Limited,Equity Scheme - Value Fund,59945.12,direct,ICICI Prudential Value Fund (erstwhile Value Discovery Fund) - Direct Plan - Growth,502.83,2004-07-09
118481,Bandhan Value Fund,Bandhan AMC Limited,Equity Scheme - Value Fund,9995.11,direct,Bandhan Value Fund - Direct Plan - Growth,164.394,2008-01-09
120751,UTI Value Fund,UTI Asset Mgmt. Co. Ltd.,Equity Scheme - Value Fund,9685.71,direct,UTI Value Fund - Direct Plan - Growth Option,176.982,2005-07-16
118784,Nippon India Value Fund,Nippon Life India Asset Management Limited,Equity Scheme - Value Fund,8869.96,direct,Nippon India Value Fund - Direct Plan Growth Plan,242.267,2005-05-10
119231,Tata Value Fund,Tata Asset Management Limited,Equity Scheme - Value Fund,8686.19,direct,Tata Value Fund -Direct Plan Growth Option,383.631,2004-05-17
118494,Templeton India Value Fund,Franklin Templeton Asset Management (India) Private Limited,Equity Scheme - Value Fund,2047.12,direct,Templeton India Value Fund - Direct - Growth,777.0108,1996-09-10
149166,Axis Value Fund,Axis Asset Management Co. Ltd.,Equity Scheme - Value Fund,1389.82,direct,Axis Value Fund - Direct Plan - Growth,20.12,2021-09-02
119549,Sundaram Value Fund,Sundaram Asset Management Company Ltd,Equity Scheme - Value Fund,1375.88,direct,Sundaram Value Fund Direct Plan - Growth,219.5818,1999-11-22
103490,Quantum Value Fund,Quantum Asset Management Company Private Limited,Equity Scheme - Value Fund,1149.36,direct,Quantum Value Fund - Direct Plan Growth Option,122.58,2006-02-08
151755,Baroda BNP Paribas Value Fund,Baroda BNP Paribas Asset Management India Private Limited,Equity Scheme - Value Fund,1097.54,direct,Baroda BNP Paribas Value Fund - Direct Plan - Growth option,14.0053,2023-05-17
153303,Mahindra Manulife Value Fund,Mahindra Manulife Investment Management Pvt Ltd,Equity Scheme - Value Fund,682.54,direct,Mahindra Manulife Value Fund - Direct Plan - Growth,12.4606,2025-02-07
145473,Union Value Fund,Union Asset Management Company Private Limited,Equity Scheme - Value Fund,364.47,direct,Union Value Fund - Direct Plan - Growth Option,29.87,2018-11-14
148972,ITI Value Fund,ITI Asset Management Limited,Equity Scheme - Value Fund,338.68,direct,ITI Value Fund - Direct Plan - Growth Option,18.3051,2021-05-25
152018,LIC MF Value Fund,LIC Mutual Fund Asset Management Limited,Equity Scheme - Value Fund,194.26,direct,LIC MF Value Fund-Direct Plan-Growth,28.6319,2018-07-30
